Registrant ID,Registrant Name,candidate_match_name,candidate_id,entityId,reportId1
01072947,Assembled Friends of Mels Assembly,Mel M. Marin,m-marin1,12230280,136264
01072945,Charlene Abughrin for Assembly ,Charlene Abughrin,c-abughrin1,12230244,136021
01072944,Friends of Joel,Joel Richmond,j-richmond1,12230236,136321
01072943,Friends of Nina Chat,Nina Chat,n-chat1,12230231,136234
01072942,Guerrero for Wisconsin,Samuel Guerrero,s-guerreo1,12230230,136326
01072940,Robin4Wisconsin,Robin Lillesve,r-lillesve1,12230218,136114
01072939,Michael Ayala For Assembly,Michael Ayala,m-ayala1,12230207,135795
01072938,FRIENDS OF KYLE CLEARY,Kyle Cleary,k-cleary1,12230199,135976
01072935,AmyRose for Wisconsin,AmyRose Murphy,a-murphy1,12230180,136345
01072934,Belanger for Assembly,John Belanger,j-belanger1,12230167,136037
01072933,Jane for Dane. AD77,Jane McCormick,j-mccormick1,12230011,135373
01072932,Jordan for Assembly,Jocelyn Jordan,j-jordan1,12230007,
01072931,Henry Johnson for Assembly,Henry Johnson,h-johnson1,12230001,135181
01072930,Andy Wuethrich,Andy Wuethrich,a-wuethrich1,12229986,
01072929,Friends of Michael Skivington for Wisconsin State Assembly,Michael Skivington,m-skivington1,12229971,135553
01072928,Donohue for Assembly Campaign Committee,John Donohue,j-donohue1,12229965,136430
01072922,Friends of Mike Bellagio,Mike Bellagio,m-bellagio1,12229884,135183
01072920,Mark Kjorlie for Wisconsin,Mark Kjorlie,m-kjorlie1,12229804,135765
01072917,Keith Mogel for Wisconsin Assembly 75,Keith Mogel,k-mogel1,12229744,135738
01072916,Time for Miller in the 42nd Assembly,Keith F. Miller,k-miller1,12229741,135821
01072914,James Brotz for State Assembly ,James Brotz,j-brotz1,12229732,136057
01072913,Mark S. Maier for Assembly,Mark S. Maier,m-maier1,12229724,135188
01072912,Justin Schumacher for Wisconsin,Justin Schumacher,j-schumacher1,12229718,136451
01072911,Stacey for Assembly,Rick Stacey,r-stacey1,12229692,136026
01072910,Rachael Anna Dowling,Rachael Dowling,r-dowling1,12229665,135392
01072906,Disher For Assembly,Jeff Disher,j-disher1,12228972,135653
01072905,Baney for Wisconsin,Katie Baney,k-baney1,12228968,135554
01072904,Friends of Eddie For Wisconsin,Eddie Phanichkul,e-phanichkul1,12228955,136085
01072903,Jim Green for Assembly,Jim Green,j-green1,12228940,135625
01072902,CHRISTINE FOR ASSEMBLY,Christine Maltese,c-maltese1,12228933,135777
01072901,Shawna Riley for Assembly District 56,Shawna Riley,s-riley1,12228362,136322
01072900,Greg Miller for Assembly,Greg Miller,g-miller1,12228352,136197
01072899,Bruce Stabenow for Assembly District 91,Bruce Stabenow,b-stabenow2,12228349,135857
01072898,Duda for State Senate,Adam Duda,a-duda1,12228339,136422
01072897,Bisabarros for Assembly 33,Maria Elena Bisabarros,m-bisabarros1,12228300,135882
01072896,Barb Bittner for WI State Senate,Barbara Bittner,b-bittner1,12228297,135443
01072894,Rick Bailey for Wisconsin,Rick Bailey,r-bailey1,12228293,135873
01072891,Mike Morgan for Wisconsin ,Mike Morgan,m-morgan1,12228277,135917
01072888,Friends of Gina Cefalu Paulick ,Gina Cefalu Paulick,g-paulick1,12228169,135898
01072884,Alex for the 55th,Alex Corrigan,a-corrigan1,12228150,135304
01072882,Commons for Assembly,Zach Commons,z-commons1,12228056,135057
01072880,David Daniels for Assembly,David Daniels,d-daniels1,12227977,136094
01072877,Friends of Dylan,Dylan Pfaffenbach,d-pfaffenbach1,12227330,135345
01072874,Tataje for Assembly,Nathan Tataje,n-tataje1,12227065,135068
01072873,John E. Fons Election Committee,John Fons,j-fons1,12227039,135411
01072872,Nic Cravillion for Wisconsin,Nic Cravillion,n-cravillion1,12226986,135893
01072871,Chapman For Assembly,Shena Chapman,s-chapman1,12226977,135199
01072869,KEITH PURNELL FOR ASSEMBLY,Keith Purnell,k-purnell1,12226899,135485
01072867,Committee to Elect Grace Abitz,Grace Abitz,g-abitz1,12226778,135941
01072864,Friends of Shandowlyon,Shandowlyon Reaves,s-reaves1,12226745,135132
01072861,Ron Woodman for Assembly,Ron Woodman,r-woodman1,12226729,136049
01072857,Merlin for the 34th,Merlin Van Buren,m-buren1,12226543,135254
01072856,Friends of Bryna Caves,Bryna Caves,b-caves1,12226535,135276
01072854,Bobby Lindsey for State Assembly,Bobby R. Lindsey,b-lindsey1,12226525,136251
01072853,Marty for Assembly,Marty Ryan,m-ryan1,12226520,135354
01072852,Friends of Christian Ellis,Christian Ellis,c-ellis1,12226491,136034
01072851,Friends of Tiffany Brault,Tiffany Brault,t-brault1,12226484,136381
01072850,Fleming for Wisconsin,Scott Fleming,s-fleming1,12226479,136258
01072849,Bernie Newman for Wisconsin,Bernie Newman,b-newman1,12226473,135891
01072848,Paul Johnson for Wisconsin,Paul Johnson,p-johnson1,12226466,136076
01072846,Jim Croft for Wisconsin,Jim Croft,j-croft1,12226367,136349
01072845,Tyler For Wisconsin,Tyler Schneekloth,t-schneekloth1,12226332,135561
01072844,Friends of Stephanie For Assembly,Stephanie Stuve Bodeen,s-bodeen1,12226321,135594
01072841,Becker for WI,Mark Becker,m-becker1,12226273,135934
01072837,Pabonnie For Wisconsin,Angel Sanchez,a-sanchez1,12226257,136386
01072836,Friends of Yasmine,Yasmine B. Outlaw,y-outlaw1,12226252,136117
01072834,Simran Arora For State Assembly,Simran Arora,s-arora1,12226240,135236
01072832,Bryson For Wisconsin,Bryson Reyes,b-reyes1,12226234,135892
01072827,Friends of Bradley Petersen,Bradley Petersen,b-petersen1,12226048,135608
01072825,Friends of Brian Bock,Brian Bock,b-bock1,12225927,136243
01072822,Friends of Valerie Kretchmer,Valerie Kretchmer,v-kretchmer1,12225838,135647
01072821,ABLE.VOTE or ABLE for STATE,Christopher Able,c-able1,12225682,135787
01072810,Bill for Wisconsin Assembly,Bill Oemichen,b-oemichen1,12200319,135692
01072808,Friends of Ed Delgado,Ed Delgado,e-delgado1,12193515,135751
01072805,Friends of Chris Bossert,Christopher D. Bossert,c-bossert1,12190333,136079
01072797,Jake For Wisconisn,Jacob VandenPlas,j-vandenplas1,12187990,136305
01072794,Krentz For Assembly,Kevin Krentz,k-krentz1,12187974,135262
01072778,Roman for Wi,Jordan Roman,j-roman1,12185163,136035
01072775,Wiedmeyer for Wisconsin,Sandy Wiedmeyer,s-wiedmeyer1,12184927,136306
01072772,Matt Philibert for State Assembly,Matt Philibert,m-philibert1,12184882,135737
01072765,Wicklund for Assembly,Steve Wicklund,s-wicklund1,12184685,135782
01072760,Christopher Dean for Wisconsin,Christopher Dean,c-dean1,12184555,136217
01072754,Mibesol Reza Campaign ,Mimi D. Reza,m-reza1,12183977,136206
01072750,Ismael Luna for Assembly,Ismael Luna,i-luna1,12183906,135752
01072741,Joey4Wisconsin,Joey Marschall,j-marschall1,12169632,135548
01072739,Tony Castañeda,Tony Castañeda,t-castañeda1,12168449,136033
01072735,John Rindy for District 49,John Rindy,j-rindy1,12164720,135676
01072731,Friends of David Sanchez,David Sanchez,d-sanchez1,12161697,136160
01072728,Jeremiah Fredrickson for State Assembly,Jeremiah Fredrickson,j-fredrickson1,12161639,135356
01072723,Friends of Ben Brist,Ben Brist,b-brist1,12160243,135488
01072722,Brayden Myer for Freedom,Brayden Myer,b-myer1,12160237,136195
01072720,Friends of Bridget for Wisconsin,Bridget Maniaci,b-maniaci1,12160184,136224
01072713,Terri Wenkman for WI Assembly District 38,Terri Wenkman,t-wenkman1,12156696,135062
01072709,Kevin Knoke for Assembly,Kevin Knoke,k-knoke1,12154548,136288
01072699,Friends of David Liners,David Liners,d-liners1,12146614,135135
01072686,Dan Bukiewicz for Assembly,Daniel J. Bukiewicz,d-bukiewicz1,12066647,136253
01072678,JON Dale ALECKSON,Jon Aleckson,j-aleckson1,12050369,135918
01072673,Friends of John Kroll,John Kroll,j-kroll1,12049265,136299
01072671,Mike Roberts for State Senate,Mike Roberts,m-roberts1,12047272,136363
01072666,Thompson For 67th ,Indiana Thompson,i-thompson1,12044310,135459
01072662,Friends of Ben Gruber,Ben Gruber,b-gruber1,12037721,136298
01072615,Brennan for Wisconsin,Joel Brennan,j-brennan1,11966062,136304
01072610,Brandy for Wisconsin,Brandy Tollefson,b-tollefson1,11965003,136236
01072608,Stephen Tryon 4 Wisconsin,Stephen Tryon,s-tryon1,11964924,136196
01072605,David Schupbach For State Assembly 2026,David Schupbach,d-schupbach1,11964896,136030
01072598,Zoe Sullivan for Wisconsin,Zoe Sullivan,z-sullivan1,11963066,135244
01072596,Friends of Josh Mittness ,Josh Mittness,j-mittness1,11959859,136077
01072594,Camacho for Wi,Rico Camacho,r-camacho1,11959800,136358
01072587,Friends Of Nick Polce LLC ,Nick Polce,n-polce1,11959690,136377
01072579,Ray for Wisconsin,Charly Ray,c-ray1,11959444,136080
01072574,Dylan for Wisconsin,Dylan Helmenstine,d-helmenstine1,11957876,135760
01072566,Isaia for Wisconsin,Isaia Ben-Ami,i-benami1,11957692,136334
01072561,Rob 4 The People,Robert Longwell-Grice,r-longwellgrice1,11957570,135702
01072554,Friends of John Perryman,John Perryman,j-perryman1,11957402,135597
01072547,Friends of Elisha King,Elisha King,e-king1,11957212,136291
01072544,Missy For Governor ,Missy Hughes,m-hughes1,11957166,136359
01072528,Dina Nina For Wisconsin,Dina Nina Martinez-Rutherford,d-martinezrutherford1,11956899,135750
01072527,Friends of Lawanda Chambers,Lawanda Chambers,l-chambers1,11956885,136293
01072516,Friends of Trevor Jung,Trevor Jung,t-jung1,11956743,135817
01072509,Juliana for the People,Juliana Bennett,j-bennett1,11954805,136132
01072502,Corrine For 17,Corrine Hendrickson,c-hendrickson1,11954497,135274
01072497,Sasha Ripley for Wisconsin,Sasha Ripley,s-ripley1,11948571,135314
01072488,Friends for McGraw,Paul McGraw,p-mcgraw1,11948316,135496
00106930,Pullen For Wisconsin,Reive Pullen,r-pullen1,11948245,136397
00106928,Friends of Amy Zimmerman,Amy Zimmerman,a-zimmerman1,11948217,136157
00106924,FRIENDS OF HELMER FOR ASSEMBLY,Julie Helmer,j-helmer1,11948185,135160
00106925,Committee to Elect Andy Manske for Governor,Andy Manske,a-manske1,11948172,136230
00106920,Mike Van Someren for Wisconsin,Mike Van Someren,m-someren1,11948129,136109
00106912,Lisa White for Wisconsin,Lisa Rose White,l-white1,11946761,136241
00106875,Henderson 4 Wisconsin,Jessica Henderson,j-henderson1,8110596,135900
00106865,LaToya Bates for State Assembly,LaToya Bates,l-bates1,1149791,136112
00106870,FosterProgress,Jeff Foster,j-foster1,1149787,135566
00106864,Friends of Alexia Unertl,Alexia Unertl,a-unertl1,1149779,135707
00106854,Joshua Steven Kelley for 69Th,Josh Kelley,j-kelley1,11932682,135618
00106859,Kostka for Assembly,Frank Kostka,f-kostka1,1170162,135321
00106847,Shirley Hinze for 6th Assembly,Shirley M. Hinze,s-hinze1,1149763,136062
00106840,Tim Paterson for the 54th Assembly,Tim Paterson,t-paterson1,8110587,135621
00106839,Friends of Mike Moeller,Mike Moeller,m-moeller1,2154126,136065
00106838,Jack Holzman for Wisconsin,Jack Holzman,j-holzman1,843212,135125
00106845,Halls for Wisconsin,Roger Halls,r-halls1,1149741,136346
00106834,Friends of Dylan Testin,Dylan Testin,d-testin1,10795942,136131
00106827,Goodwin for Assembly,"Russell Antonio Goodwin, Sr.",s-russellantoniogoodwin1,1149729,136286
00106822,Citizens for Karen DeSanto,Karen DeSanto,k-desanto1,16487,135223
00106818,Friends of Michele Skinner,Michele Magadance Skinner,m-skinner1,1704858,135517
00106810,Karen for Assembly,Karen Kirsch,k-kirsch1,999194,135376
00106817,Knodl 4 Wisconsin,Dan Knodl,d-knodl1,664207,135744
00106815,McCrank for the People,Elizabeth McCrank,e-mccrank1,1149722,135778
00106809,Stroud for Wisconsin,Angela Stroud,a-stroud1,16446,135215
00106798,Lindee For WI Assembly,Lindee Brill,l-brill1,1717424,135607
00106795,Dana for Wisconsin,Dana Glasstein,d-glasstein1,843082,136072
00106796,Sheehan for 26th Assembly,Joe Sheehan,j-sheehan1,16434,135205
00106794,Friends of Angelina Cruz,Angelina M. Cruz,a-cruz1,16430,135872
00106790,schnitzler for assembly,Cedric Schnitzler,c-schnitzler1,1927630,135870
00106786,Friends of Amaad Rivera Wagner,Amaad Rivera-Wagner,a-riverawagner1,16408,135531
00106787,Sequanna Taylor 4 Wisconsin,Sequanna Taylor,s-taylor1,999181,135901
00106782,FRIENDS OF PRISCILLA A. PRADO,Priscilla A. Prado,p-prado1,999177,135353
00106778,friends of lee whiting,Lee Whiting,l-whiting1,7620603,135992
00106775,Phelps Campaign,Christian Phelps,c-phelps1,16364,135617
00106771,Yee For WI,Yee Leng Xiong,y-xiong1,16341,136095
00106768,Franklin For Wisconsin,Ben Franklin,b-franklin1,664158,135359
00106767,Alicia Saunders for Wisconsin,Alicia Saunders,a-saunders1,843024,135943
00106770,Phillips for Wisconsin,Anthony W. Phillips,a-phillips1,5202401,135218
00106758,Duke for Wisconsin,Duke Tucker,d-tucker1,15635,135753
00106756,Friends of Renee Paplham,Renee A. Paplham,r-paplham1,843162,135146
00106754,Mayadev For Wisconsin,Renuka Mayadev,r-mayadev1,1149237,135508
00106747,Jim For Wisconsin,Jim Piwowarczyk,j-piwowarczyk1,6622927,135360
00106742,Committee to Elect Randy Udell,Randy Udell,r-udell1,1149184,135495
00106740,DeSmidt For Wisconsin,Ben DeSmidt,b-desmidt1,15509,135174
00106737,Ann Roe For Wisconsin,Ann Roe,a-roe1,1149157,135442
00106731,Friends of Vincent Miresse,Vinnie Miresse,v-miresse1,16538,136192
00106727,Ryan Spaude for Assembly,Ryan Spaude,r-spaude1,16271,135865
00106718,Joan Fitzgerald for Assembly,Joan Fitzgerald,j-fitzgerald1,16212,135107
00106702,Harbridge for 74th Assembly District,Scott Harbridge,s-harbridge1,9169757,136083
00106699,Emily Tseffos for Wisconsin,Emily Daniels Tseffos,e-tseffos1,843353,136355
00106685,Arney for Wisconsin,Margaret Arney,m-arney1,613274,136106
00106655,Friends of Steve Rydzewski,Steve Rydzewski,s-rydzewski1,11802954,136406
00106637,People for Doelder,Steven J. Doelder,s-doelder1,1147712,135327
00106631,Friends For Bob Look,Bob Look,b-look1,1147691,135510
00106621,Friends Of Matt Brown,Matt Brown,m-brown1,1147683,135326
00106600,Friends and Neighbors of Amanda Nedweski,Amanda Nedweski,a-nedweski1,30346,135858
00106582,Friends Of Darrin,Darrin Madison,d-madison1,999262,
00106583,Friends of Brienne,Brienne Brown,b-brown1,1147635,136004
00106573,Sapik for Senate,Angie Sapik,a-sapik1,16865,135790
00106564,McCarville for Assembly,Maureen McCarville,m-mccarville1,16847,135145
00106563,Hysell for Assembly,Andrew Hysell,a-hysell1,1147623,135887
00106550,Clancy for Assembly,Ryan Clancy,r-clancy1,999244,136376
00106552,Cory for Senate,Cory Tomczyk,c-tomczyk1,16821,135119
00106542,Alex for Wisconsin,Alex Joers,a-joers1,16808,135281
00106541,Friends of Jenna S Jacobson,Jenna Jacobson,j-jacobson1,16793,136372
00106532,Lots of People Supporting Mike Bare,Mike Bare,m-bare1,16787,135908
00106528,Binsfeld for Senate,Amy Binsfeld,a-binsfeld1,30955,135586
00106525,Friends of Dave Maxey,Dave Maxey,d-maxey1,664296,135915
00106522,Nichols For Assembly,Becky Nichols,b-nichols1,11682588,135888
00106516,Green for Assembly,Chanz Green,c-green1,16734,135715
00106496,Palmeri for Assembly,Lori Palmeri,l-palmeri1,15530,135115
00106494,Neighbors for Nate Gustafson,Nate Gustafson,n-gustafson1,30951,136271
00106491,Gillian Battino for Wisconsin,Gillian Battino,g-battino1,2985283,135929
00106489,Friends of Joy Goeben,Joy Goeben,j-goeben1,663797,135730
00106479,Karen Hurd for State Assembly,Karen Hurd,k-hurd1,17168,136140
00106464,Ellen Schutt for State Senate,Ellen Schutt,e-schutt1,15958,136407
00106461,Will Martin for Lt. Governor,Will Martin,w-martin1,7006028,136329
00106441,Cindy Werner for Secretary of State,Cindy Werner,c-werner1,7077460,136277
00106426,Varnam for Wisconsin,David Varnam,d-varnam1,1015379,136136
00106424,Angelito for Assembly,Angelito Tenorio,a-tenorio1,1147110,136111
00106412,Penterman for Assembly,William Penterman,w-penterman1,16045,135097
00106408,Toney for Attorney General,Eric Toney,e-toney1,16017,135868
00106406,Pollnow for Wisconsin,Nate Pollnow,n-pollnow1,8310806,135341
00106393,Citizens for Elijah Behnke,Elijah Behnke,e-behnke1,664423,135461
00106331,Deacon For Assembly,Alciro Deacon,a-deacon1,7620630,136092
00106320,jayforwisconsin,Jay Schroeder,j-schroeder1,8310899,136165
00106285,Friends of Francesca Hong,Francesca Hong,f-hong1,1145867,136290
00106265,2020 22 24 Senate Paul Michael Weber,Paul Michael Weber,p-weber1,11587338,
00106263,Sara Rodriguez For Wisconsin,Sara Rodriguez,s-rodriguez1,16403,136413
00106236,Ed Hibsch for State Assembly,Ed Hibsch,e-hibsch1,30359,136348
00106241,Citizens for Sylvia Ortiz-Velez,Sylvia Ortiz-Velez,s-ortizvelez1,999165,136084
00106213,Armstrong for State Assembly,David Armstrong,d-armstrong1,16037,135726
00106199,Friends of Alex Dallman,Alex Dallman,a-dallman1,15943,136115
00106195,Clint Moses for Wisconsin,Clint Moses,c-moses1,15939,135812
00106162,Friends of Deb Andraca,Deb Andraca,d-andraca1,16226,135472
00106155,Callahan For Wisconsin,Calvin Callahan,c-callahan1,16222,135881
00106157,Friends of Rachael Cabral Guevara,Rachael Ann Cabral-Guevara,r-cabralguevara1,16205,135419
00106119,TIP FOR WI,Tip McGuire,t-mcguire1,17181,136081
00106079,Friends of Kalan Haywood,Kalan Haywood,k-haywood1,16325,136375
00106073,Kurtz for Assembly,Tony Kurtz,t-kurtz1,16281,135693
00106075,Supreme For Assembly,Supreme Moore Omokunde,s-omokunde1,16245,136454
00106042,Dittrich for WI,Barbara Dittrich,b-dittrich1,16176,135710
00106066,Robert Wittke for Assembly,Robert Wittke,r-wittke1,16172,135669
00106018,Snodgrass for Assembly,Lee Snodgrass,l-snodgrass1,16130,135774
00106017,Friends of Robyn Vining,Robyn Vining,r-vining1,16126,136362
00106014,Friends of John Leiber,John S. Leiber,j-leiber1,16108,136371
00105995,Sarah for Wisconsin,Sarah Godlewski,s-godlewski1,16091,136044
00105971,Emerson for Assembly,Jodi Emerson,j-emerson1,15871,135989
00105959,Shelia Stubbs for State Assembly,Shelia Stubbs,s-stubbs1,15805,136143
00105951,Friends of Brent Jacobson,Brent Jacobson,b-jacobson1,15639,135623
00105919,Friends of Greta Neubauer,Greta Neubauer,g-neubauer1,17223,136410
00105915,Degenhardt for Assembly,Dennis D. Degenhardt,d-degenhardt1,1150578,135709
00105879,Kaul for Attorney General,Joshua Kaul,j-kaul1,16762,135745
00105806,T E Pronschinske for Assembly,Treig Pronschinske,t-pronschinske1,16496,136215
00105788,Friends of Ron Tusler,Ron Tusler,r-tusler1,16459,135177
00105770,Friends of Chuck Wichgers,Chuck Wichgers,c-wichgers1,664174,136031
00105792,Friends of Clinton Anderson,Clinton Anderson,c-anderson1,16373,135590
00105751,Crowley for Wisconsin,David Crowley,d-crowley1,16295,136096
00105728,Friends of Rob Summerfield,Rob Summerfield,r-summerfield1,16005,136292
00105714,Zimmerman for Wisconsin,Shannon Zimmerman,s-zimmerman1,15969,135619
00105660,Friends of Cindi Duchow,Cindi Duchow,c-duchow1,16901,135879
00105580,Richard Pulcher State Senate Campaign,Richard Pulcher,r-pulcher1,1148835,
00105544,Taxpayers for Sortwell,Shae Sortwell,s-sortwell1,663883,135108
00105539,Steffen for Wisconsin,David Steffen,d-steffen1,15669,135421
00105512,Joel Kitchens for Assembly,Joel Kitchens,j-kitchens1,17342,135219
00105503,Novak For Assembly,Todd Novak,t-novak1,17280,136070
00105505,Quinn for Senate,Romaine Robert Quinn,r-quinn1,17271,136127
00105472,Friends of Mark Spreitzer,Mark Spreitzer,m-spreitzer1,16972,136059
00105466,Friends of Lisa Subeck,Lisa Subeck,l-subeck1,16953,135694
00105423,Adam Neylon for Assembly,Adam Neylon,a-neylon1,17043,136353
00105385,Sandy Bakk for Wisconsin,Sandy Bakk,s-bakk1,5296411,135699
00105275,Nancy 4 Wisconsin,Nancy VanderMeer,n-vandermeer1,15590,135334
00105273,Friends of Swearingen,Rob Swearingen,r-swearingen1,15572,136193
00105266,Mandela for Wisconsin,Mandela Barnes,m-barnes1,15552,136335
00105237,Taxpayers for John Jagler,John Jagler,j-jagler1,17164,135260
00105215,Friends of Pat Snyder,Patrick Snyder,p-snyder1,17078,135836
00105189,Born For Assembly,Mark Born,m-born1,16575,135368
00105123,Billings for Assembly,Jill Billings,j-billings1,15842,135383
00105023,Sanchez For A Better Tomorrow,Angel Sanchez,a-sanchez1,2159346,136283
00105008,Pete for Wisconsin,Pete Karas,p-karas1,10042337,135212
00104991,Friends of Chris Larson,Chris J. Larson,c-larson1,16833,136320
00104989,JoCasta for WI,JoCasta Zamarripa,j-zamarripa1,16798,136296
00104973,Friends of Dianne Hesselbein,Dianne Hesselbein,d-hesselbein1,16771,135525
00104954,Spiros for Assembly,John Spiros,j-spiros1,16730,135233
00104915,Severson for Senate ,Erik Severson,e-severson1,16291,135425
00104912,Citizens for August,Tyler August,t-august1,16263,135611
00104883,Taxpayers for Kapenga,Chris Kapenga,c-kapenga1,15522,135583
00104815,Taxpayers for Marklein,Howard Marklein,h-marklein1,16358,136103
00104632,Tara for Wisconsin,Tara Johnson,t-johnson1,16547,135724
00104606,Friends of Kelda Roys,Kelda Roys,k-roys1,15992,136394
00104591,Tranel for Assembly,Travis Tranel,t-tranel1,15899,135089
00104514,Friends of Paul Tittl,Paul Tittl,p-tittl1,16158,136319
00104405,Danou for Wisconsin,Chris Danou,c-danou1,17086,136257
00104355,Mursau for Assembly,Jeffrey L. Mursau,j-mursau1,15735,135775
00104251,Together With Jeff Smith,Jeff Smith,j-smith1,17261,135994
00104212,Tiffany for Wisconsin,Tom Tiffany,t-tiffany1,16621,135759
00104141,Krug for Assembly,Scott Krug,s-krug1,16180,136311
00104003,Melotik for State Assembly,Paul Melotik,p-melotik1,664015,135378
00103687,Friends of Christine Sinicki,Christine M. Sinicki,c-sinicki1,15747,136214
00102969,Kreibich for Assembly,Rob Kreibich,r-kreibich1,663805,135272
00101856,Friends Of Steve Doyle,Steve Doyle,s-doyle1,16691,135880
00101815,Lorge For Assembly,Bill Lorge,b-lorge1,3100807,136041
00101520,Donovan for Assembly,Bob Donovan,b-donovan1,16491,135518
00100881,Friends of Tim Carpenter,Tim Carpenter,t-carpenter1,16087,135584
